{"count":1,"gauges":{},"self":88.6936064,"total":90.809749799999992,"children":{"AgentSendState":{"count":4371,"self":0.26397909999999997,"total":0.43695979999999995,"children":{"CollectObservations":{"count":1750,"self":0.034997,"total":0.034997,"children":null},"CollectDiscreteActionMasks":{"count":1750,"self":0.0240024,"total":0.0240024,"children":null},"RayPerceptionSensor.Perceive":{"count":875,"self":0.1139813,"total":0.1139813,"children":null}}},"DecideAction":{"count":4371,"self":1.4471714,"total":1.5461756999999998,"children":{"RayPerceptionSensor.Perceive":{"count":875,"self":0.09900429999999999,"total":0.09900429999999999,"children":null}}},"AgentAct":{"count":4371,"self":0.13201069999999998,"total":0.13201069999999998,"children":null},"RayPerceptionSensor.Perceive":{"count":1,"self":0,"total":0,"children":null}}}