{"count":1,"gauges":{"CarLearning.CumulativeReward":{"count":13,"max":-1,"min":-1,"value":-1,"weightedAverage":-1}},"self":201.9780992,"total":202.9037587,"children":{"AgentSendState":{"count":1922,"self":0.0989164,"total":0.1680495,"children":{"CollectObservations":{"count":770,"self":0.0080051999999999988,"total":0.0080051999999999988,"children":null},"CollectDiscreteActionMasks":{"count":770,"self":0.0090680999999999991,"total":0.0090680999999999991,"children":null},"RayPerceptionSensor.Perceive":{"count":385,"self":0.052059799999999996,"total":0.052059799999999996,"children":null}}},"DecideAction":{"count":1922,"self":0.6486389,"total":0.6946304,"children":{"RayPerceptionSensor.Perceive":{"count":385,"self":0.0459915,"total":0.0459915,"children":null}}},"AgentAct":{"count":1922,"self":0.0589839,"total":0.0589839,"children":null},"RayPerceptionSensor.Perceive":{"count":13,"self":0.0029965,"total":0.0029965,"children":null}}}